html_source,html_trigger,html_target,flutter_target,flutter_file,flutter_line,transition_type,status,note
sysState,sysAction('${kind}'),sysAction,(yok),,,state,DONE,
vHome,openLogin(),openLogin,LoginScreen,lib/screens/login_screen.dart,17,page,DONE,
vHome,openSearch(),openSearch,SearchScreen,lib/screens/search_screen.dart,18,page,DONE,
vHome,openSearch('${c.l}'),openSearch,SearchScreen,lib/screens/search_screen.dart,18,page,DONE,
vSearch,closeSearch(),closeSearch,(yok),,,state,DONE,
vSearch,clearSearch(),clearSearch,(yok),,,state,DONE,
row,pickService('${esc(s.n)}'),pickService,(yok),,,state,DONE,
rgPhone,toast('Ülke kodu — şimdilik +90'),toast,(yok),,,state,DONE,
rgPass,"rgEye(this,'${id}')",rgEye,(yok),,,state,DONE,
rgDrop,${onclick},(state),setState,,,state,DONE,
rgPickRow,${onclick},(state),setState,,,state,DONE,
vLogin,history.back(),(geri),Navigator.pop / maybePop,(tüm ekranlarda BackButton),,pop,DONE,
vLogin,"rgEye(this,'lg-pass')",rgEye,(yok),,,state,DONE,
vLogin,openForgot(),openForgot,ForgotPasswordScreen,lib/screens/forgot_password_screen.dart,13,page,DONE,
vLogin,loginSubmit(),loginSubmit,(yok),,,state,DONE,
vLogin,googleSheet(),googleSheet,LoginScreen sheet,lib/screens/login_screen.dart,17,sheet/dialog,DONE,
vLogin,"navigate('home',{enter:'enter-fade'})",vHome,HomeScreen,lib/screens/home_screen.dart,70,page,DONE,
googleSheet,googleLogin(),googleLogin,(yok),,,state,DONE,
googleSheet,glOther(),glOther,(yok),,,state,DONE,
vGoogle,history.back(),(geri),Navigator.pop / maybePop,(tüm ekranlarda BackButton),,pop,DONE,
vGoogle,glSend(),glSend,(yok),,,state,DONE,
vGoogle,GL.step=1; CURRENT.innerHTML=vGoogle(); bindTaps(CURRENT),(state),setState,,,state,DONE,
vGoogle,toast('Doğrulama kodu tekrar gönderildi (test: 123456)'),toast,(yok),,,state,DONE,
vGoogle,glVerify(),glVerify,(yok),,,state,DONE,
vForgot,history.back(),(geri),Navigator.pop / maybePop,(tüm ekranlarda BackButton),,pop,DONE,
vForgot,fpSend(),fpSend,(yok),,,state,DONE,
vForgot,FP.step=1; CURRENT.innerHTML=vForgot(); bindTaps(CURRENT),(state),setState,,,state,DONE,
vForgot,toast('Doğrulama kodu tekrar gönderildi (test: 123456)'),toast,(yok),,,state,DONE,
vForgot,fpVerify(),fpVerify,(yok),,,state,DONE,
vForgot,FP.step=2; CURRENT.innerHTML=vForgot(); bindTaps(CURRENT); r,(state),setState,,,state,DONE,
vForgot,"rgEye(this,'fp-pass')",rgEye,(yok),,,state,DONE,
vForgot,"rgEye(this,'fp-pass2')",rgEye,(yok),,,state,DONE,
vForgot,fpSave(),fpSave,(yok),,,state,DONE,
vRegStep1,rgBack(),rgBack,(yok),,,state,DONE,
vRegStep1,event.preventDefault();toast('Kullanım sözleşmesi'),(state),setState,,,state,DONE,
vRegStep1,event.preventDefault();toast('Gizlilik politikası'),(state),setState,,,state,DONE,
vRegStep1,regNext(),regNext,(yok),,,state,DONE,
vRegStep1,googleSheet(),googleSheet,LoginScreen sheet,lib/screens/login_screen.dart,17,sheet/dialog,DONE,
vRegStep2,rgBack(),rgBack,(yok),,,state,DONE,
vRegStep2,rgVerify(),rgVerify,(yok),,,state,DONE,
vRegStep3,rgFinish(),rgFinish,(yok),,,state,DONE,
rgStartCd,rgResend('${group}'),rgResend,(yok),,,state,DONE,
custCards,listingOpen(${idx}),listingOpen,(yok),,,state,DONE,
custTabsHTML,custSwitch('${t[0]}'),custSwitch,(yok),,,state,DONE,
custSortMenu,custSetSort('${o[0]}'),custSetSort,(yok),,,state,DONE,
custFilterMenu,custSetFilter('${o[0]}'),custSetFilter,(yok),,,state,DONE,
vProvListing,provUnlock(),provUnlock,(yok),,,state,DONE,
vProvListing,provOfferGo(),provOfferGo,(yok),,,state,DONE,
vProvListing,history.back(),(geri),Navigator.pop / maybePop,(tüm ekranlarda BackButton),,pop,DONE,
vProvListing,openChat(),openChat,ChatScreen,lib/screens/chat_screen.dart,15,page,DONE,
bigStar,revPick(${i}),revPick,(yok),,,state,DONE,
vReview,submitReview(),submitReview,(yok),,,state,DONE,
vReview,history.back(),(geri),Navigator.pop / maybePop,(tüm ekranlarda BackButton),,pop,DONE,
imgView,imgClose(),imgClose,(yok),,,state,DONE,
chatBubble,imgView(this.querySelector('img').src),imgView,(yok),,,state,DONE,
vChat,history.back(),(geri),Navigator.pop / maybePop,(tüm ekranlarda BackButton),,pop,DONE,
vChat,sendMsg(),sendMsg,(yok),,,state,DONE,
vOffer,openChatProv(),openChatProv,ChatScreen,lib/screens/chat_screen.dart,15,page,DONE,
vOffer,unlockOffer(),unlockOffer,(yok),,,state,DONE,
vOffer,openReview(),openReview,ReviewScreen,lib/screens/review_screen.dart,11,page,DONE,
vOffer,history.back(),(geri),Navigator.pop / maybePop,(tüm ekranlarda BackButton),,pop,DONE,
listingMenu,askDelReason(),askDelReason,(yok),,,state,DONE,
askDelReason,delListing(${i}),delListing,(yok),,,state,DONE,
vListing,openOffer(${oi}),openOffer,OfferDetailScreen,lib/screens/offer_detail_screen.dart,20,page,DONE,
vListing,history.back(),(geri),Navigator.pop / maybePop,(tüm ekranlarda BackButton),,pop,DONE,
vListing,listingMenu(),listingMenu,(yok),,,state,DONE,
vListing,imgView(this.querySelector('img').src),imgView,(yok),,,state,DONE,
vPost1,history.back(),(geri),Navigator.pop / maybePop,(tüm ekranlarda BackButton),,pop,DONE,
vPost1,postClear(),postClear,(yok),,,state,DONE,
vPost1,postNext(),postNext,(yok),,,state,DONE,
postCatGrid,"postCat('${c.replace(/'/g,",postCat,(yok),,,state,DONE,
postResults,"postPick('${x.n.replace(/'/g,",postPick,(yok),,,state,DONE,
vPost2,postDelPhoto(${i}),postDelPhoto,(yok),,,state,DONE,
vPost2,postGo(1),postGo,(yok),,,state,DONE,
vPost2,postPublish(),postPublish,(yok),,,state,DONE,
vPost3,"CUST_TAB='open'; navigate('cust',{enter:'enter-fade'})",vCust,MyListingsScreen/JobsScreen,lib/screens/my_listings_screen.dart,15,page,DONE,
vPost3,"navigate('home',{enter:'enter-fade'})",vHome,HomeScreen,lib/screens/home_screen.dart,70,page,DONE,
custNav,${i[3]},(state),setState,,,state,DONE,
pfRow,${act},(state),setState,,,state,DONE,
addrField,${act},(state),setState,,,state,DONE,
vAddr,history.back(),(geri),Navigator.pop / maybePop,(tüm ekranlarda BackButton),,pop,DONE,
vAddr,addrSave(),addrSave,(yok),,,state,DONE,
addrPickCity,addrSetCity('${c}'),addrSetCity,(yok),,,state,DONE,
addrPickDistrict,"addrSetDistrict('${d.replace(/'/g,",addrSetDistrict,(yok),,,state,DONE,
addrPickNeigh,"addrSetNeigh('${n.replace(/'/g,",addrSetNeigh,(yok),,,state,DONE,
vPInfo,piOtpBack(),piOtpBack,(yok),,,state,DONE,
vPInfo,piOtpVerify(),piOtpVerify,(yok),,,state,DONE,
vPInfo,history.back(),(geri),Navigator.pop / maybePop,(tüm ekranlarda BackButton),,pop,DONE,
vPInfo,piSave(),piSave,(yok),,,state,DONE,
vPInfo,accountSheet(),accountSheet,AccountSettingsScreen,lib/screens/account_settings_screen.dart,24,sheet/dialog,DONE,
arStar,arPick(${i}),arPick,(yok),,,state,DONE,
vAppRate,history.back(),(geri),Navigator.pop / maybePop,(tüm ekranlarda BackButton),,pop,DONE,
vAppRate,arSubmit(),arSubmit,(yok),,,state,DONE,
pwField,"rgEye(this,'${id}')",rgEye,(yok),,,state,DONE,
vPasswd,history.back(),(geri),Navigator.pop / maybePop,(tüm ekranlarda BackButton),,pop,DONE,
vPasswd,pwSave(),pwSave,(yok),,,state,DONE,
shareSheet,shareNative(),shareNative,(yok),,,state,DONE,
shareSheet,shareCopy(),shareCopy,(yok),,,state,DONE,
accountSheet,freezeAsk(),freezeAsk,showDialog (AccountSettingsScreen),lib/screens/account_settings_screen.dart,,sheet/dialog,DONE,
accountSheet,deleteAsk(),deleteAsk,showDialog (AccountSettingsScreen),lib/screens/account_settings_screen.dart,,sheet/dialog,DONE,
freezeAsk,rgCloseOv(); toast('Hesabınız donduruldu'); setTimeout(()=>n,vHome,HomeScreen,lib/screens/home_screen.dart,70,page,DONE,
freezeAsk,rgCloseOv(),rgCloseOv,(yok),,,state,DONE,
deleteAsk,rgCloseOv(); toast('Hesabınız silindi'); setTimeout(()=>navi,vHome,HomeScreen,lib/screens/home_screen.dart,70,page,DONE,
deleteAsk,rgCloseOv(),rgCloseOv,(yok),,,state,DONE,
roleSwitch,rgCloseOv(); openProviderPrefill(),openProviderPrefill,RegisterScreen,lib/screens/register_screen.dart,20,page,DONE,
roleSwitch,rgCloseOv(),rgCloseOv,(yok),,,state,DONE,
vProfileProv,"navigate('pinfo',{enter:'enter-up'})",vPInfo,ProfileInfoScreen,lib/screens/profile_info_screen.dart,14,page,DONE,
vProfileProv,pfLogout(),pfLogout,(yok),,,state,DONE,
vWallet,history.back(),(geri),Navigator.pop / maybePop,(tüm ekranlarda BackButton),,pop,DONE,
vWallet,"navigate('topup',{enter:'enter-up'})",vTopup,TopupScreen,lib/screens/topup_screen.dart,46,page,DONE,
vWallet,"WTX_FILTER='all'; navigate('wtx',{enter:'enter-up'})",vWTx,WalletScreen,lib/screens/wallet_screen.dart,15,page,DONE,
vWTx,wtxFilter('${f[0]}'),wtxFilter,(yok),,,state,DONE,
vWTx,history.back(),(geri),Navigator.pop / maybePop,(tüm ekranlarda BackButton),,pop,DONE,
vTopup,cardDefault(${i}),cardDefault,(yok),,,state,DONE,
vTopup,cardDel(${i}),cardDel,(yok),,,state,DONE,
vTopup,history.back(),(geri),Navigator.pop / maybePop,(tüm ekranlarda BackButton),,pop,DONE,
vTopup,NEWCARD_OPEN=!NEWCARD_OPEN; CURRENT.innerHTML=vTopup(); bind,(state),setState,,,state,DONE,
vTopup,addCard(),addCard,(yok),,,state,DONE,
vTopup,doTopup(),doTopup,(yok),,,state,DONE,
vMyCats,"myCatDel('${c.replace(/'/g,",myCatDel,(yok),,,state,DONE,
vMyCats,history.back(),(geri),Navigator.pop / maybePop,(tüm ekranlarda BackButton),,pop,DONE,
vMyCats,myCatSearch(''),myCatSearch,(yok),,,state,DONE,
vMyCats,"myCatAdd('${r.n.replace(/'/g,",myCatAdd,(yok),,,state,DONE,
vMyCats,myCatPickMain(),myCatPickMain,(yok),,,state,DONE,
vMyCats,myCatRequest(),myCatRequest,(yok),,,state,DONE,
vMyCats,myCatSave(),myCatSave,(yok),,,state,DONE,
myCatPickMain,"MYCAT_MAIN='${k.replace(/'/g,",(state),setState,,,state,DONE,
vMyAreas,history.back(),(geri),Navigator.pop / maybePop,(tüm ekranlarda BackButton),,pop,DONE,
vMyAreas,toast('Şu an yalnızca İzmir için hizmet verilebilir'),toast,(yok),,,state,DONE,
vMyAreas,myAreaSave(),myAreaSave,(yok),,,state,DONE,
vMyRevs,history.back(),(geri),Navigator.pop / maybePop,(tüm ekranlarda BackButton),,pop,DONE,
vProfileCust,"navigate('pinfo',{enter:'enter-up'})",vPInfo,ProfileInfoScreen,lib/screens/profile_info_screen.dart,14,page,DONE,
vProfileCust,pfLogout(),pfLogout,(yok),,,state,DONE,
vNotif,ntRead(${i}),ntRead,(yok),,,state,DONE,
vNotif,ntReadAll(),ntReadAll,(yok),,,state,DONE,
vCust,custSortMenu(),custSortMenu,(yok),,,state,DONE,
vCust,custFilterMenu(),custFilterMenu,(yok),,,state,DONE,
rgOverlay,rgCloseOv(this),rgCloseOv,(yok),,,state,DONE,
rgOpt,${onclick},(state),setState,,,state,DONE,
rgMulti,rgMultiDone(),rgMultiDone,(yok),,,state,DONE,
rgMultiBody,rgMultiTog('*'),rgMultiTog,(yok),,,state,DONE,
rgMultiBody,"rgMultiTog('${o.replace(/'/g,",rgMultiTog,(yok),,,state,DONE,
vHome,data-act=register arg=customer,openRegister,RoleSelectScreen.startRegister,lib/screens/role_select_screen.dart,14,page,DONE,
vHome,data-act=register arg=provider,openRegister,RoleSelectScreen.startRegister,lib/screens/role_select_screen.dart,14,page,DONE,
