source_screen,trigger,target_screen,transition_type,back_behavior,auth_condition,role_condition
sysState,sysAction('${kind}'),sysAction,state,—,,
vHome,openLogin(),openLogin,page,history.back,,
vHome,openSearch(),openSearch,page,history.back,,
vHome,openSearch('${c.l}'),openSearch,page,history.back,,
vSearch,closeSearch(),closeSearch,state,—,,
vSearch,clearSearch(),clearSearch,state,—,,
row,pickService('${esc(s.n)}'),pickService,state,—,,
rgPhone,toast('Ülke kodu — şimdilik +90'),toast,state,—,,
rgPass,"rgEye(this,'${id}')",rgEye,state,—,,
rgDrop,${onclick},(state),state,—,,
rgPickRow,${onclick},(state),state,—,,
vLogin,history.back(),(geri),pop,—,,
vLogin,"rgEye(this,'lg-pass')",rgEye,state,—,,
vLogin,openForgot(),openForgot,page,history.back,,
vLogin,loginSubmit(),loginSubmit,state,—,,
vLogin,googleSheet(),googleSheet,sheet/dialog,history.back,,
vLogin,"navigate('home',{enter:'enter-fade'})",vHome,page,history.back,,
googleSheet,googleLogin(),googleLogin,state,—,,
googleSheet,glOther(),glOther,state,—,,
vGoogle,history.back(),(geri),pop,—,,
vGoogle,glSend(),glSend,state,—,,
vGoogle,GL.step=1; CURRENT.innerHTML=vGoogle(); bindTaps(CURRENT),(state),state,—,,
vGoogle,toast('Doğrulama kodu tekrar gönderildi (test: 123456)'),toast,state,—,,
vGoogle,glVerify(),glVerify,state,—,,
vForgot,history.back(),(geri),pop,—,,
vForgot,fpSend(),fpSend,state,—,,
vForgot,FP.step=1; CURRENT.innerHTML=vForgot(); bindTaps(CURRENT),(state),state,—,,
vForgot,toast('Doğrulama kodu tekrar gönderildi (test: 123456)'),toast,state,—,,
vForgot,fpVerify(),fpVerify,state,—,,
vForgot,FP.step=2; CURRENT.innerHTML=vForgot(); bindTaps(CURRENT); rgBindOtp(),(state),state,—,,
vForgot,"rgEye(this,'fp-pass')",rgEye,state,—,,
vForgot,"rgEye(this,'fp-pass2')",rgEye,state,—,,
vForgot,fpSave(),fpSave,state,—,,
vRegStep1,rgBack(),rgBack,state,—,,
vRegStep1,event.preventDefault();toast('Kullanım sözleşmesi'),(state),state,—,,
vRegStep1,event.preventDefault();toast('Gizlilik politikası'),(state),state,—,,
vRegStep1,regNext(),regNext,state,—,,
vRegStep1,googleSheet(),googleSheet,sheet/dialog,history.back,,
vRegStep2,rgBack(),rgBack,state,—,,
vRegStep2,rgVerify(),rgVerify,state,—,,
vRegStep3,rgFinish(),rgFinish,state,—,,
rgStartCd,rgResend('${group}'),rgResend,state,—,,
custCards,listingOpen(${idx}),listingOpen,state,—,,
custTabsHTML,custSwitch('${t[0]}'),custSwitch,state,—,,
custSortMenu,custSetSort('${o[0]}'),custSetSort,state,—,,
custFilterMenu,custSetFilter('${o[0]}'),custSetFilter,state,—,,
vProvListing,provUnlock(),provUnlock,state,—,,
vProvListing,provOfferGo(),provOfferGo,state,—,,
vProvListing,history.back(),(geri),pop,—,,
vProvListing,openChat(),openChat,page,history.back,,
bigStar,revPick(${i}),revPick,state,—,,
vReview,submitReview(),submitReview,state,—,,
vReview,history.back(),(geri),pop,—,,
imgView,imgClose(),imgClose,state,—,,
chatBubble,imgView(this.querySelector('img').src),imgView,state,—,,
vChat,history.back(),(geri),pop,—,,
vChat,sendMsg(),sendMsg,state,—,,
vOffer,openChatProv(),openChatProv,page,history.back,,
vOffer,unlockOffer(),unlockOffer,state,—,,
vOffer,openReview(),openReview,page,history.back,,
vOffer,history.back(),(geri),pop,—,,
listingMenu,askDelReason(),askDelReason,state,—,,
askDelReason,delListing(${i}),delListing,state,—,,
vListing,openOffer(${oi}),openOffer,page,history.back,,
vListing,history.back(),(geri),pop,—,,
vListing,listingMenu(),listingMenu,state,—,,
vListing,imgView(this.querySelector('img').src),imgView,state,—,,
vPost1,history.back(),(geri),pop,—,,
vPost1,postClear(),postClear,state,—,,
vPost1,postNext(),postNext,state,—,,
postCatGrid,"postCat('${c.replace(/'/g,",postCat,state,—,,
postResults,"postPick('${x.n.replace(/'/g,",postPick,state,—,,
vPost2,postDelPhoto(${i}),postDelPhoto,state,—,,
vPost2,postGo(1),postGo,state,—,,
vPost2,postPublish(),postPublish,state,—,,
vPost3,"CUST_TAB='open'; navigate('cust',{enter:'enter-fade'})",vCust,page,history.back,,
vPost3,"navigate('home',{enter:'enter-fade'})",vHome,page,history.back,,
custNav,${i[3]},(state),state,—,,
pfRow,${act},(state),state,—,,
addrField,${act},(state),state,—,,
vAddr,history.back(),(geri),pop,—,,
vAddr,addrSave(),addrSave,state,—,,
addrPickCity,addrSetCity('${c}'),addrSetCity,state,—,,
addrPickDistrict,"addrSetDistrict('${d.replace(/'/g,",addrSetDistrict,state,—,,
addrPickNeigh,"addrSetNeigh('${n.replace(/'/g,",addrSetNeigh,state,—,,
vPInfo,piOtpBack(),piOtpBack,state,—,,
vPInfo,piOtpVerify(),piOtpVerify,state,—,,
vPInfo,history.back(),(geri),pop,—,,
vPInfo,piSave(),piSave,state,—,,
vPInfo,accountSheet(),accountSheet,sheet/dialog,history.back,,
arStar,arPick(${i}),arPick,state,—,,
vAppRate,history.back(),(geri),pop,—,,
vAppRate,arSubmit(),arSubmit,state,—,,
pwField,"rgEye(this,'${id}')",rgEye,state,—,,
vPasswd,history.back(),(geri),pop,—,,
vPasswd,pwSave(),pwSave,state,—,,
shareSheet,shareNative(),shareNative,state,—,,
shareSheet,shareCopy(),shareCopy,state,—,,
accountSheet,freezeAsk(),freezeAsk,sheet/dialog,history.back,,
accountSheet,deleteAsk(),deleteAsk,sheet/dialog,history.back,,
freezeAsk,rgCloseOv(); toast('Hesabınız donduruldu'); setTimeout(()=>navigate('h,vHome,page,history.back,,
freezeAsk,rgCloseOv(),rgCloseOv,state,—,,
deleteAsk,rgCloseOv(); toast('Hesabınız silindi'); setTimeout(()=>navigate('home,vHome,page,history.back,,
deleteAsk,rgCloseOv(),rgCloseOv,state,—,,
roleSwitch,rgCloseOv(); openProviderPrefill(),openProviderPrefill,page,history.back,,
roleSwitch,rgCloseOv(),rgCloseOv,state,—,,
vProfileProv,"navigate('pinfo',{enter:'enter-up'})",vPInfo,page,history.back,,
vProfileProv,pfLogout(),pfLogout,state,—,,
vMyCats,"myCatDel('${c.replace(/'/g,",myCatDel,state,—,,
vMyCats,history.back(),(geri),pop,—,,
vMyCats,myCatSearch(''),myCatSearch,state,—,,
vMyCats,"myCatAdd('${r.n.replace(/'/g,",myCatAdd,state,—,,
vMyCats,myCatPickMain(),myCatPickMain,state,—,,
vMyCats,myCatRequest(),myCatRequest,state,—,,
vMyCats,myCatSave(),myCatSave,state,—,,
myCatPickMain,"MYCAT_MAIN='${k.replace(/'/g,",(state),state,—,,
vMyAreas,history.back(),(geri),pop,—,,
vMyAreas,toast('Şu an yalnızca İzmir için hizmet verilebilir'),toast,state,—,,
vMyAreas,myAreaSave(),myAreaSave,state,—,,
vMyRevs,history.back(),(geri),pop,—,,
vProfileCust,"navigate('pinfo',{enter:'enter-up'})",vPInfo,page,history.back,,
vProfileCust,pfLogout(),pfLogout,state,—,,
vNotif,ntRead(${i}),ntRead,state,—,LOGGED,
vNotif,ntReadAll(),ntReadAll,state,—,,
vCust,custSortMenu(),custSortMenu,state,—,,
vCust,custFilterMenu(),custFilterMenu,state,—,,
rgOverlay,rgCloseOv(this),rgCloseOv,state,—,,
rgOpt,${onclick},(state),state,—,,
rgMulti,rgMultiDone(),rgMultiDone,state,—,,
rgMultiBody,rgMultiTog('*'),rgMultiTog,state,—,,
rgMultiBody,"rgMultiTog('${o.replace(/'/g,",rgMultiTog,state,—,,
vHome,data-act=register arg=customer,openRegister,page,history.back,,customer
vHome,data-act=register arg=provider,openRegister,page,history.back,,provider
