html_screen,flutter_screen,entry_path,exit_target,status,evidence_test,flutter_file,reachable_refs,ref_tokens,material_defaults,blocker
vSplash,SplashScreen,app launch,Home,DONE,BOOT-01,lib/screens/splash_screen.dart,1,6,0,
vHome,HomeScreen,Splash,Login/Register/Search,DONE,HOME-*,lib/screens/home_screen.dart,1,58,0,
vSearch,SearchScreen,Home arama kutusu,listing/kategori,DONE,SRCH-*,lib/screens/search_screen.dart,2,3,0,
vLogin,LoginScreen,Home profil ikonu,panel / geri Home,DONE,LOGIN-*,lib/screens/login_screen.dart,1,52,0,
vGoogle,LoginScreen sheet,Login Google butonu,Login,DONE,GGL-*,lib/screens/login_screen.dart,1,52,0,
vForgot,ForgotPasswordScreen,Login şifremi unuttum,Login,DONE,FRGT-*,lib/screens/forgot_password_screen.dart,1,2,0,
vRegister,RoleSelectScreen,Home rol kartı,RegStep1,DONE,REG-*,lib/screens/role_select_screen.dart,3,20,0,
vRegStep1,RegisterScreen,Register rol seçimi,RegStep2,DONE,REG-C-1/REG-P-1,lib/screens/register_screen.dart,1,7,0,
vRegStep2,OtpScreen,RegStep1 devam,RegStep3,DONE,REG-*-2,lib/screens/otp_screen.dart,3,20,0,
vRegStep3,RegisterDoneScreen,RegStep2 doğrulama,panel,DONE,REG-*-3,lib/screens/register_done_screen.dart,1,19,0,
vCust,MyListingsScreen / JobsScreen,giriş sonrası,ilan/iş detay,DONE,CUST-*/JOBS-*,lib/screens/my_listings_screen.dart,1,42,0,
vPost,CreateListingScreen,Cust İlan Ver,Post1,DONE,POST-0,lib/screens/create_listing_screen.dart,3,128,0,
vPost1,CreateListingScreen adım1,Post,Post2,DONE,POST-1,lib/screens/create_listing_screen.dart,3,128,0,
vPost2,CreateListingScreen adım2,Post1,Post3,DONE,POST-2,lib/screens/create_listing_screen.dart,3,128,0,
vPost3,CreateListingScreen adım3,Post2,ilan listesi,DONE,POST-3,lib/screens/create_listing_screen.dart,3,128,0,
vListing,ListingDetailScreen,ilan listesi,teklif/sohbet,DONE,LST-*,lib/screens/listing_detail_screen.dart,1,7,0,
vOffer,OfferDetailScreen,ilan detay teklif,sohbet/değerlendirme,DONE,OFR-*,lib/screens/offer_detail_screen.dart,1,9,0,
vReview,ReviewScreen,tamamlanan iş,geri,DONE,RVW-*,lib/screens/review_screen.dart,1,33,0,
vProvListing,JobDetailScreen,Jobs listesi,teklif verme,DONE,PJOB-*,lib/screens/job_detail_screen.dart,4,5,0,
vProfileProv,ProviderStatusScreen,Profil > durum,geri,DONE,PSTAT-*,lib/screens/provider_status_screen.dart,1,10,0,
vMyCats,MyCategoriesScreen,Profil > kategoriler,geri,DONE,MCAT-*,lib/screens/my_categories_screen.dart,1,6,0,
vMyAreas,MyAreasScreen,Profil > bölgeler,geri,DONE,MAREA-*,lib/screens/my_areas_screen.dart,1,3,0,
vMyRevs,MyReviewsScreen,Profil > değerlendirmeler,geri,DONE,MREV-*,lib/screens/my_reviews_screen.dart,1,1,0,
vWallet,WalletScreen,Profil > cüzdan,topup/wtx,DONE,WLT-*,lib/screens/wallet_screen.dart,1,5,0,
vWTx,WalletScreen işlem listesi,Wallet,geri,DONE,WTX-*,lib/screens/wallet_screen.dart,1,5,0,
vTopup,TopupScreen,Wallet yükle,Wallet,DONE,TOP-*,lib/screens/topup_screen.dart,2,1,0,
vChat,ChatScreen,teklif/ilan detay,geri,DONE,CHAT-*,lib/screens/chat_screen.dart,2,8,0,
vNotif,NotificationsScreen,alt nav bildirim,ilgili hedef,DONE,NOTIF-*,lib/screens/notifications_screen.dart,1,35,0,
vProfile,ProfileScreen,alt nav profil,alt sayfalar,DONE,PROF-*,lib/screens/profile_screen.dart,1,20,0,
vProfileCust,ProfileScreen müşteri,alt nav profil,alt sayfalar,DONE,PROF-C-*,lib/screens/profile_screen.dart,1,20,0,
vPInfo,ProfileInfoScreen,Profil > bilgilerim,geri,DONE,PINFO-*,lib/screens/profile_info_screen.dart,1,10,0,
vAddr,AddressesScreen,Profil > adresler,geri,DONE,ADDR-*,lib/screens/addresses_screen.dart,1,14,0,
vPasswd,ChangePasswordScreen,Profil > şifre,geri,DONE,PWD-*,lib/screens/change_password_screen.dart,1,5,0,
vAppRate,AppRateScreen,Profil > uygulamayı değerlendir,geri,DONE,RATE-*,lib/screens/app_rate_screen.dart,1,35,0,
